{
  "general": {
    "dumpCraftingConfig": {
      "value": false,
      "comment": "If true, then all recipes for all items in packs will be dumped into the config file at boot.  WARNING: this will overwrite your existing crafting overrides file!"
    },
    "opSignEditingOnly": {
      "value": false,
      "comment": "If true, only OPs will be able to edit signs on servers.  Does not affect client worlds."
    },
    "opPickupVehiclesOnly": {
      "value": false,
      "comment": "If true, only OPs will be able to pick up vehicles with wrenches.  Does not affect client worlds."
    },
    "creativePickupVehiclesOnly": {
      "value": false,
      "comment": "If true, vehicles can only be picked up in creative mode."
    },
    "keyRequiredToStartVehicles": {
      "value": false,
      "comment": "If true, vehicles can only be started if the player has the key in their hand."
    },
    "blockBreakage": {
      "value": true,
      "comment": "Whether or not vehicles and guns can break blocks when they hit them.  If false, vehicles will simply stop when they hit blocks, and guns won't break blocks when they hit them.  This will also disable explosive block breakage, though not explosions themselves."
    },
    "vehicleDestruction": {
      "value": true,
      "comment": "Whether or not vehicles can be destroyed by ramming into blocks at high speeds.  Set this to false if you don't like loosing vehicles to badly-placed walls."
    },
    "noclipVehicles": {
      "value": false,
      "comment": "If true, vehicles will not be able to collide with blocks.  This also prevents them from moving if they do not have wheels on them, as otherwise they would phase through the ground into the void."
    },
    "creativeDamage": {
      "value": false,
      "comment": "If true, damage from vehicles and guns will be applied to creative players."
    },
    "chunkloadVehicles": {
      "value": true,
      "comment": "If true, vehicles will be chunkloaded when on roads/tracks.  This allows them to travel into unloaded chunks."
    },
    "doLegacyLightCompats": {
      "value": true,
      "comment": "If true, legacy compatibility code will be performed on all models to make their lights work with newer versions.  This code will significantly slow down boot times due to needing to parse all models on boot, however, packs may not have functional lights without it.  Choose wisely if you want speed or features."
    },
    "useHSV": {
      "value": false,
      "comment": "If enabled, the MTS dev mode will export color values as HSV instead of hex."
    },
    "allPlanesWithNav": {
      "value": false,
      "comment": "If true, all planes will have the ability to use beacons for navigation.  This is false to allow pack authors to define new/old planes that have this capability, but can be turned on if you don't care about realism."
    },
    "speedFactor": {
      "value": 0.35,
      "comment": "Factor to apply to vehicle movement.  1 is the realistic value, but this makes vehicles move too fast for Minecraft. Adjust with caution."
    },
    "fuelUsageFactor": {
      "value": 1.0,
      "comment": "Factor times which engines use fuel.  Change this if you think engines use fuel too fast or slow."
    },
    "engineHoursFactor": {
      "value": 1.0,
      "comment": "Factor times which engines hours accumulate.  Change this if you want to adjust how fast engines wear out."
    },
    "climbSpeed": {
      "value": 0.125,
      "comment": "How far a vehicle will 'climb' blocks every tick when the wheels go into the ground.  Higher values make vehicles climb blocks quicker at the cost of smooth movement."
    },
    "gravityFactor": {
      "value": 1.0,
      "comment": "Factor for gravitational forces applied to vehicles.  Can be adjusted if you think cars are too 'floaty'.  Does not affect aircraft."
    },
    "engineSpeedTempFactor": {
      "value": 1.0,
      "comment": "Factor for how RPM affects engine temp.  Higher values will make engines heat up quicker at higher RPMs."
    },
    "engineBiomeTempFactor": {
      "value": 1.0,
      "comment": "Factor for how biome temp affects engine temp.  Higher values will make engines heat up quicker in hotter biomes."
    },
    "joinedPlayers": {
      "value": [
        "3c3f98e6-6e42-4ccd-9a61-e3cff83f8f9d"
      ],
      "comment": "Listing of players that have joined this world.  Players will be given the manual on their first join."
    },
    "itemWeights": {
      "comment1": "The following section is used for calculating item weights.  Any item that contains the text bits will have its weight multiplied by the following factor.",
      "comment2": "This mass factors into vehicle performance, with particular emphasis on vehicle payloads.  Some defaults are presented here, but you can add/remove to your liking.",
      "comment3": "Note that the part of the name searched is the item's registry name, NOT the in-game display name.  This is similar to what is in the /give command.",
      "weights": {
        "gold": 4.0,
        "diamond": 4.0,
        "ore": 2.5,
        "iron": 4.0,
        "coal": 2.0,
        "stone": 1.5
      }
    }
  },
  "damage": {
    "explosions": {
      "value": true,
      "comment": "Whether or not vehicles explode when crashed or shot down."
    },
    "wheelBreakage": {
      "value": true,
      "comment": "Whether or not wheels can be broken (go flat)."
    },
    "wheelDamageIgnoreVelocity": {
      "value": false,
      "comment": "Whether or not velocity is ignored when calculating wheel damage."
    },
    "propellerDamageFactor": {
      "value": 1.0,
      "comment": "Factor for damage caused by a propeller."
    },
    "jetDamageFactor": {
      "value": 1.0,
      "comment": "Factor for damage caused by a jet engine."
    },
    "wheelDamageFactor": {
      "value": 1.0,
      "comment": "Factor for damage caused by wheels on vehicles."
    },
    "crashDamageFactor": {
      "value": 1.0,
      "comment": "Factor for damage caused by crashes."
    },
    "bulletDamageFactor": {
      "value": 1.0,
      "comment": "Factor for damage caused by bullets on vehicles."
    },
    "engineLeakProbability": {
      "value": 0.01,
      "comment": "Chance an engine will spring a leak if hit.  Explosions cause 10x this chance."
    },
    "crashItemDropPercentage": {
      "value": 0.75,
      "comment": "Percent that a crafting ingredient will be dropped when a vehicle is crashed.  Note that fire/explosions may destroy these items if enabled, so just because they drop does not mean you will get all of them."
    },
    "wheelDamageMinimumVelocity": {
      "value": 0.2,
      "comment": "Minimum velocity (blocks/second) which vehicles must be going to damage entities with their wheels."
    }
  },
  "fuel": {
    "comment1": "The following section is used for fuel configs for engines.  Each entry here is a single fuel type for engines.",
    "comment2": "Inside each entry exist values for the potency of the fluids that can be considered to be that fuel type.",
    "comment3": "You can make engines take different types of fluids for their fuels by editing these values.  See the in-game handbook for more information.",
    "comment4": "If you are having troubles getting the name for a particular fluid, run the game with the mods you want and check the 'lastLoadedFluids' list.  This contains all the fluids that were present during the last run of the game.",
    "fuels": {
      "diesel": {
        "creosote": 0.7,
        "diesel": 1.0,
        "lava": 1.0,
        "oil": 0.5,
        "biodiesel": 0.8
      },
      "furnace": {
        "lava": 1.0
      },
      "avgas": {
        "lava": 1.0,
        "gasoline": 1.0
      },
      "gasoline": {
        "lava": 1.0,
        "gasoline": 1.0,
        "ethanol": 0.85
      }
    },
    "lastLoadedFluids": {
      "ammonia": "Ammonia",
      "brine": "Brine",
      "ic2biomass": "Biomass",
      "hydrogen": "Hydrogen",
      "latex": "Latex",
      "etching_acid": "Etching Acid",
      "ink_cyan": "Cyan Ink",
      "oxygen": "Oxygen",
      "biodiesel": "Biodiesel",
      "ic2oxygen": "Oxygen",
      "napalm": "Napalm",
      "ic2creosote": "Creosote",
      "hydrofluoric_acid": "Hydrofluoric Acid",
      "water": "Water",
      "ic2distilled_water": "Distilled Water",
      "sulfuric_acid": "Sulfuric Acid",
      "carbon_dioxide": "Carbon Dioxide",
      "ic2steam": "Steam",
      "ic2uu_matter": "UU-Matter",
      "ink_yellow": "Yellow Ink",
      "ink_magenta": "Magenta Ink",
      "carbon_monoxide": "Carbon Monoxide",
      "concrete": "Liquid Concrete",
      "diesel": "Diesel",
      "ic2weed_ex": "Weed-Ex",
      "ic2hydrogen": "Hydrogen",
      "ic2air": "Air",
      "gasoline": "Gasoline",
      "ethanol": "Ethanol",
      "lava": "Lava",
      "oil": "Crude Oil",
      "methanol": "Methanol",
      "nitric_acid": "Nitric Acid",
      "ic2hot_coolant": "IC2 Hot Coolant",
      "ic2heavy_water": "Heavy Water",
      "ic2construction_foam": "Construction Foam",
      "creosote": "Creosote Oil",
      "ic2pahoehoe_lava": "Pahoehoe Lava",
      "potion": "Potion",
      "ink": "Ink",
      "plantoil": "Plant Oil",
      "formic_acid": "Formic Acid",
      "mustard_gas": "Mustard Gas",
      "chlorine": "Chlorine",
      "ic2hot_water": "Hotspring Water",
      "ic2coolant": "IC2 Coolant",
      "lubricant": "Lubricant",
      "ic2biogas": "Biogas",
      "ic2superheated_steam": "Superheated Steam"
    }
  },
  "clientRendering": {
    "renderHUD_1P": {
      "value": true,
      "comment": "If false, the HUD in vehicles will not render in 1st-person mode."
    },
    "renderHUD_3P": {
      "value": true,
      "comment": "If false, the HUD in vehicles will not render in 3rd-person mode."
    },
    "fullHUD_1P": {
      "value": false,
      "comment": "If true, the full-size HUD will render in 1st-person rather than the half-size HUD."
    },
    "fullHUD_3P": {
      "value": false,
      "comment": "If true, the full-size HUD will render in 3rd-person rather than the half-size HUD."
    },
    "transpHUD_1P": {
      "value": false,
      "comment": "If true, the background textures for the HUD will not be rendered in 1st-person."
    },
    "transpHUD_3P": {
      "value": false,
      "comment": "If true, the background textures for the HUD will not be rendered in 1st-person."
    },
    "renderWindows": {
      "value": true,
      "comment": "Should the glass on windows be rendered on vehicles?"
    },
    "innerWindows": {
      "value": false,
      "comment": "Should the glass on windows be rendered on the inside of the vehicle?  Note: if renderWindows is false, this config has no effect."
    },
    "vehicleBeams": {
      "value": true,
      "comment": "If false, beams on vehicles will not render."
    },
    "blockBeams": {
      "value": true,
      "comment": "If false, beams on blocks will not render."
    },
    "brightLights": {
      "value": true,
      "comment": "If false, lights from vehicles and blocks will not do brightness blending and will render as if they were part of the model at that same brightness.  Useful if you have shaders and this is causing troubles."
    },
    "blendedLights": {
      "value": true,
      "comment": "If false, beam-based lights from vehicles and blocks will not do brightness blending.  This is different from the general brightness setting as this will do OpenGL blending on the world to make it brighter, not just the beams themselves."
    },
    "playerTweaks": {
      "value": true,
      "comment": "If true, player hands will be modified when holding guns, and hands and legs will be modified when riding in vehicles.  Set this to false if mods cause issues, like two-hand rendering or player model issues."
    }
  },
  "clientControls": {
    "mouseYoke": {
      "value": false,
      "comment": "Enable mouse yoke for vehicles? Prevents looking around unless unlocked.  Think MCHeli controls."
    },
    "kbOverride": {
      "value": true,
      "comment": "Should keyboard controls be ignored when a joystick control is mapped?  Leave true to free up the keyboard while using a joysick."
    },
    "simpleThrottle": {
      "value": true,
      "comment": "If true, then vehicles will automatically go into reverse after stopped with the brake rather than staying stopped and waiting for you to shift.  When going in reverse, the opposite is true: the vehicle will shift into forwards when pressing forwards when stopped.  Additionally, the parking brake will automatically be set when leaving the vehicle."
    },
    "halfThrottle": {
      "value": false,
      "comment": "If true, then the gas key will only be a half-throttle, with the MOD+Throttle key becoming the full-speed control.  Useful if you want a more controlled vehicle experience.  Only valid on car/boat types with on-off throttles, and does not work in conjunction with simpleThrottle as that changes how the MOD key works with gas and brake keys."
    },
    "autostartEng": {
      "value": true,
      "comment": "If true, engines will automatically start when a driver enters a vehicle, and will turn off when they leave.  The parking brake will also be applied when leaving the vehicle.  Note: this does not bypass the fuel or electrical system."
    },
    "autoTrnSignals": {
      "value": true,
      "comment": "If true, turns signals will come on automatically when you start a turn, and will turn off when the turn completes.  If this is false, then they will only be able to be activated with the keybinds or via the panel."
    },
    "heliAutoLevel": {
      "value": true,
      "comment": "If true, helicopters will automatically return to level flight when you let off the control stick.  However, this will prevent them from doing loops.  The realistic value for this config is false, but the one that's more player-freindly is true.  Hence it being the default."
    },
    "classicJystk": {
      "value": false,
      "comment": "If true, the classic controller code will be used.  Note: THIS CODE MAY CRASH MOBILE DEVICES!  Also note that switching will probably mess up your keybinds.  Only do this if you are having issues with a joystick or controller not being recognized.  After changing this setting, reboot the game to make it take effect."
    },
    "north360": {
      "value": false,
      "comment": "If true, instruments will represent North as 360 degrees, instead of the Minecraft default of 180. Allows using the heading system that real-world pilots and militaries do."
    },
    "devMode": {
      "value": false,
      "comment": "If enabled, MTS will allow access to the dev mode GUI while sitting in vehicles.  The GUI allows editing JSONs in-game without the need to restart."
    },
    "steeringControlRate": {
      "value": 2.0,
      "comment": "How many degrees to turn the wheels on vehicles for every tick the button is held down.  This is not used when using a joystick."
    },
    "flightControlRate": {
      "value": 0.6,
      "comment": "How many degrees to move the elevators and ailerons on aircraft for every tick the button is held down.  This is not used when using a joystick."
    },
    "mouseYokeRate": {
      "value": 0.1,
      "comment": "How many degrees to move control surfaces for every 1 mouse unit change.  Used for mouse yoke controls."
    },
    "joystickDeadZone": {
      "value": 0.03,
      "comment": "Dead zone for joystick axis.  This is NOT joystick specific."
    }
  },
  "controls": {
    "keyboard": {},
    "joystick": {}
  }
}